,epoch,step,time/trnstep,train_loss_p
0,1.0,1.0,21.14227318763733,44.3094367980957
1,1.0,2.0,20.446699857711792,43.87177276611328
2,1.0,3.0,19.795814990997314,43.690345764160156
3,1.0,4.0,17.711713790893555,43.50334167480469
4,1.0,5.0,19.73529863357544,43.34900665283203
5,1.0,6.0,20.501699209213257,43.25053405761719
6,1.0,7.0,22.955376863479614,43.16519546508789
7,1.0,8.0,22.216055393218994,43.112083435058594
8,1.0,9.0,22.245333671569824,43.019779205322266
9,1.0,10.0,22.653442859649658,42.94580841064453
10,1.0,11.0,21.761379957199097,42.8607177734375
11,1.0,12.0,20.60325026512146,42.79603958129883
12,1.0,13.0,22.09436345100403,42.71100616455078
13,1.0,14.0,22.103505611419678,42.63449478149414
14,1.0,15.0,21.367170810699463,42.56749725341797
15,1.0,16.0,22.500666856765747,42.488033294677734
16,1.0,17.0,22.63552761077881,42.41386032104492
17,1.0,18.0,22.36251974105835,42.34410858154297
18,1.0,19.0,21.286368370056152,42.271324157714844
19,1.0,20.0,22.471130847930908,42.20393753051758
20,1.0,21.0,22.36710524559021,42.12774658203125
21,1.0,22.0,22.12244200706482,42.058502197265625
22,1.0,23.0,22.44205617904663,41.98638916015625
23,1.0,24.0,22.15800404548645,41.9168701171875
24,1.0,25.0,22.496598720550537,41.84547424316406
25,1.0,26.0,22.87052893638611,41.77516174316406
26,1.0,27.0,21.7193386554718,41.70469284057617
27,1.0,28.0,22.7553493976593,41.638160705566406
28,1.0,29.0,22.233879804611206,41.56879425048828
29,1.0,30.0,22.825303077697754,41.49803924560547
30,1.0,31.0,22.43657898902893,41.42839813232422
31,1.0,32.0,22.866031408309937,41.35978698730469
32,1.0,33.0,22.328351259231567,41.290260314941406
33,1.0,34.0,22.755141973495483,41.22249984741211
34,1.0,35.0,22.31968593597412,41.1536750793457
35,1.0,36.0,22.084208011627197,41.08793640136719
36,1.0,37.0,22.252095937728882,41.017425537109375
37,1.0,38.0,22.704521894454956,40.950416564941406
38,1.0,39.0,22.08135962486267,40.8820686340332
39,1.0,40.0,22.271864891052246,40.814353942871094
40,1.0,41.0,22.35741400718689,40.74883270263672
41,1.0,42.0,21.95814085006714,40.67936325073242
42,1.0,43.0,22.124566316604614,40.613075256347656
43,1.0,44.0,22.511645317077637,40.54771041870117
44,1.0,45.0,22.192617654800415,40.48076629638672
45,1.0,46.0,22.41328239440918,40.413326263427734
46,1.0,47.0,22.225769996643066,40.345638275146484
47,1.0,48.0,22.57133436203003,40.279544830322266
48,1.0,49.0,22.343331575393677,40.21276092529297
49,1.0,50.0,22.639766454696655,40.14509201049805
50,1.0,51.0,22.01649808883667,40.07931900024414
51,1.0,52.0,20.19783902168274,40.012481689453125
52,1.0,53.0,22.46991777420044,39.944122314453125
53,1.0,54.0,21.722062349319458,39.87907409667969
54,1.0,55.0,22.114844799041748,39.81171417236328
55,1.0,56.0,25.340303421020508,39.74481201171875
56,1.0,57.0,22.944934844970703,39.67654800415039
57,1.0,58.0,23.58927845954895,39.60888671875
58,1.0,59.0,21.618799448013306,39.54293441772461
59,1.0,60.0,22.246401071548462,39.46886444091797
60,1.0,61.0,22.3537757396698,39.39875793457031
61,1.0,62.0,22.09680199623108,39.330291748046875
62,1.0,63.0,22.819854497909546,39.25395584106445
63,1.0,64.0,22.358587980270386,39.173301696777344
64,1.0,65.0,22.468772649765015,39.10089111328125
65,1.0,66.0,22.30436110496521,39.00133514404297
66,1.0,67.0,22.202581882476807,38.92467498779297
67,1.0,68.0,22.501611471176147,38.79718780517578
68,1.0,69.0,22.087207555770874,38.67313003540039
69,1.0,70.0,22.06561541557312,38.49175262451172
70,1.0,71.0,22.92635679244995,38.09595489501953
71,1.0,72.0,22.461751699447632,37.41618347167969
72,1.0,73.0,22.15779137611389,36.38136672973633
73,1.0,74.0,22.071956396102905,34.63796615600586
74,1.0,75.0,22.689652919769287,28.878690719604492
75,1.0,76.0,22.10279607772827,23.121143341064453
76,1.0,77.0,22.59803032875061,19.412681579589844
77,1.0,78.0,22.264674186706543,21.921384811401367
78,1.0,79.0,22.18283486366272,8.352745056152344
79,1.0,80.0,22.733810663223267,11.058647155761719
80,1.0,81.0,21.97087812423706,12.812914848327637
81,1.0,82.0,22.69704842567444,10.238639831542969
82,1.0,83.0,22.167280197143555,8.56533432006836
83,1.0,84.0,22.449573040008545,-18.704862594604492
84,1.0,85.0,22.362650632858276,-19.904823303222656
85,1.0,86.0,21.93229579925537,-13.534430503845215
86,1.0,87.0,22.62120747566223,-16.018890380859375
87,1.0,88.0,22.58699345588684,-8.98682975769043
88,1.0,89.0,22.565478324890137,-12.708723068237305
89,1.0,90.0,22.712151050567627,-19.276996612548828
90,1.0,91.0,22.60488796234131,-7.890436172485352
91,1.0,92.0,22.240851640701294,-32.60714340209961
92,1.0,93.0,22.54091191291809,-30.5781192779541
93,1.0,94.0,22.274733304977417,-49.38720703125
94,1.0,95.0,22.28616976737976,-60.56855392456055
95,1.0,96.0,22.494338035583496,-68.6361312866211
96,1.0,97.0,22.228609085083008,-76.89938354492188
97,1.0,98.0,22.756114959716797,-78.63237762451172
98,1.0,99.0,22.543944358825684,-84.27024841308594
99,1.0,100.0,22.78994655609131,-88.3214111328125
100,1.0,101.0,21.90702748298645,-91.04915618896484
101,1.0,102.0,22.492909908294678,-95.88164520263672
102,1.0,103.0,22.11538004875183,-100.22846984863281
103,1.0,104.0,22.210956811904907,-93.89146423339844
104,1.0,105.0,22.778231859207153,-99.26020812988281
105,1.0,106.0,22.415172815322876,-100.54927825927734
106,1.0,107.0,22.060169458389282,-99.654541015625
107,1.0,108.0,22.49516201019287,-98.2495346069336
108,1.0,109.0,22.203474283218384,-96.38005065917969
109,1.0,110.0,22.29256796836853,-104.33712005615234
110,1.0,111.0,22.090850353240967,-101.80815887451172
111,1.0,112.0,22.348302841186523,-106.61563110351562
112,1.0,113.0,22.28603458404541,-107.29345703125
113,1.0,114.0,22.479105710983276,-103.94803619384766
114,1.0,115.0,22.21466088294983,-108.10923767089844
115,1.0,116.0,21.235874891281128,-111.01156616210938
116,1.0,117.0,22.13704800605774,-108.65068054199219
117,1.0,118.0,22.566705465316772,-108.42704772949219
118,1.0,119.0,22.333136558532715,-109.28665924072266
119,1.0,120.0,21.65092706680298,-110.2088394165039
120,1.0,121.0,22.33053183555603,-109.31037139892578
121,1.0,122.0,22.741419076919556,-111.61483764648438
122,1.0,123.0,22.100660800933838,-111.46311950683594
123,1.0,124.0,22.464682579040527,-112.50605773925781
124,1.0,125.0,22.602476596832275,-111.91017150878906
125,1.0,126.0,22.35303807258606,-113.69244384765625
126,1.0,127.0,21.88608145713806,-114.34392547607422
127,1.0,128.0,22.45378828048706,-114.2089614868164
128,1.0,129.0,22.34420418739319,-114.00469970703125
129,1.0,130.0,21.931301832199097,-116.83110046386719
130,1.0,131.0,22.3485586643219,-113.09745788574219
131,1.0,132.0,22.357969760894775,-114.99923706054688
132,1.0,133.0,22.009234189987183,-112.71758270263672
133,1.0,134.0,22.466806650161743,-116.00104522705078
134,1.0,135.0,22.63522505760193,-117.18423461914062
135,1.0,136.0,22.390568494796753,-115.08686828613281
136,1.0,137.0,22.925384283065796,-115.514892578125
137,1.0,138.0,22.52733325958252,-115.33744812011719
138,1.0,139.0,22.11452865600586,-115.47509002685547
139,1.0,140.0,22.39259386062622,-115.74503326416016
140,1.0,141.0,22.62695026397705,-116.69271087646484
141,1.0,142.0,22.440781116485596,-116.6358642578125
142,1.0,143.0,22.41104817390442,-117.09538269042969
143,1.0,144.0,22.3738694190979,-116.9715805053711
144,1.0,145.0,22.584736585617065,-118.69438171386719
145,1.0,146.0,22.528982162475586,-120.45022583007812
146,1.0,147.0,22.833019495010376,-118.81375122070312
147,1.0,148.0,21.912832975387573,-116.91619873046875
148,1.0,149.0,22.639741897583008,-118.49357604980469
149,1.0,150.0,22.428004503250122,-118.43218994140625
150,1.0,151.0,22.29085612297058,-117.8496322631836
151,1.0,152.0,22.475855112075806,-119.05397033691406
152,1.0,153.0,23.084751844406128,-119.65107727050781
153,1.0,154.0,22.98459553718567,-118.9579849243164
154,1.0,155.0,20.58711552619934,-118.7173080444336
155,1.0,156.0,22.484867811203003,-119.22254180908203
156,1.0,157.0,22.426307439804077,-120.19522094726562
157,1.0,158.0,22.466925382614136,-122.12083435058594
158,1.0,159.0,22.87794589996338,-120.34300994873047
159,1.0,160.0,22.593466997146606,-122.98575592041016
160,1.0,161.0,22.814075231552124,-120.30091857910156
161,1.0,162.0,22.172851085662842,-119.10762023925781
162,1.0,163.0,22.811843395233154,-121.2020263671875
163,1.0,164.0,22.589142084121704,-119.58573150634766
164,1.0,165.0,21.829494953155518,-120.97352600097656
165,1.0,166.0,22.579952716827393,-120.10222625732422
166,1.0,167.0,22.564255237579346,-120.05670166015625
167,1.0,168.0,22.531691074371338,-119.26605987548828
168,1.0,169.0,22.61406373977661,-119.24060821533203
169,1.0,170.0,22.112597227096558,-120.3709716796875
170,1.0,171.0,23.01119065284729,-120.23876190185547
171,1.0,172.0,21.9722638130188,-120.10556030273438
172,1.0,173.0,22.827763080596924,-120.67513275146484
173,1.0,174.0,21.95492172241211,-120.21138763427734
174,1.0,175.0,22.672706604003906,-121.86066436767578
175,1.0,176.0,22.724326610565186,-120.0203628540039
176,1.0,177.0,22.250610828399658,-121.12837219238281
177,1.0,178.0,22.12499165534973,-120.19690704345703
178,1.0,179.0,22.435316562652588,-121.4437484741211
179,1.0,180.0,21.61033868789673,-122.79499053955078
180,1.0,181.0,22.20908260345459,-120.74175262451172
181,1.0,182.0,22.33564567565918,-121.54022979736328
182,1.0,183.0,22.631384134292603,-120.34674072265625
183,1.0,184.0,21.97138524055481,-122.93696594238281
184,1.0,185.0,22.737029552459717,-122.74894714355469
185,1.0,186.0,22.410476684570312,-122.94203186035156
186,1.0,187.0,22.008857011795044,-123.00247192382812
187,1.0,188.0,21.9351007938385,-121.6474380493164
188,1.0,189.0,22.439724683761597,-122.2823486328125
189,1.0,190.0,22.629769802093506,-121.77204895019531
190,1.0,191.0,21.791037797927856,-122.31488800048828
191,1.0,192.0,22.667556285858154,-121.8446044921875
192,1.0,193.0,23.512421131134033,-122.2040786743164
193,1.0,194.0,22.034257650375366,-123.71041107177734
194,1.0,195.0,22.659022092819214,-123.011474609375
195,1.0,196.0,22.384674787521362,-122.36318969726562
196,1.0,197.0,22.41347360610962,-122.6214370727539
197,1.0,198.0,21.892594814300537,-123.37821197509766
198,1.0,199.0,21.872090101242065,-123.59329986572266
199,1.0,200.0,21.67829704284668,-121.78302764892578
200,1.0,201.0,22.83068037033081,-124.12602996826172
201,1.0,202.0,21.740729331970215,-122.97025299072266
202,1.0,203.0,22.690186977386475,-124.72904205322266
203,1.0,204.0,22.38542938232422,-123.93614196777344
204,1.0,205.0,22.606625080108643,-124.82929229736328
205,1.0,206.0,22.043393850326538,-124.52588653564453
206,1.0,207.0,22.760380506515503,-124.33036041259766
207,1.0,208.0,21.59607982635498,-121.71253204345703
208,1.0,209.0,22.343851327896118,-122.66500854492188
209,1.0,210.0,22.406917095184326,-124.40989685058594
210,1.0,211.0,22.56197214126587,-122.90670776367188
211,1.0,212.0,22.410604000091553,-126.47989654541016
212,1.0,213.0,21.97946071624756,-123.32901763916016
213,1.0,214.0,22.15543007850647,-122.7293701171875
214,1.0,215.0,21.98340916633606,-124.51564025878906
215,1.0,216.0,22.736348390579224,-125.39352416992188
216,1.0,217.0,22.082485675811768,-124.30691528320312
217,1.0,218.0,21.706360816955566,-123.5211181640625
218,1.0,219.0,23.241880178451538,-124.33716583251953
219,1.0,220.0,22.47352647781372,-125.58351135253906
220,1.0,221.0,21.883095502853394,-123.41619873046875
221,1.0,222.0,21.757193565368652,-124.28519439697266
222,1.0,223.0,22.412388801574707,-125.33208465576172
223,1.0,224.0,21.56032633781433,-126.47135925292969
224,1.0,225.0,22.579071044921875,-123.2700424194336
225,1.0,226.0,22.554749011993408,-122.95906066894531
226,1.0,227.0,22.584548711776733,-126.36302947998047
227,1.0,228.0,22.27596616744995,-124.7711410522461
228,1.0,229.0,22.605244636535645,-124.4223403930664
229,1.0,230.0,22.483564615249634,-126.81331634521484
230,1.0,231.0,22.542974710464478,-124.69886779785156
231,1.0,232.0,21.702842473983765,-125.29005432128906
232,1.0,233.0,22.89078640937805,-126.84060668945312
233,1.0,234.0,22.21012282371521,-126.9388656616211
234,1.0,235.0,22.544832468032837,-126.15446472167969
235,1.0,236.0,22.632588386535645,-126.966796875
236,1.0,237.0,23.011932134628296,-125.88240051269531
237,1.0,238.0,22.62786102294922,-126.38018798828125
238,1.0,239.0,22.35848379135132,-123.46810150146484
239,1.0,240.0,22.179828643798828,-126.05332946777344
240,1.0,241.0,21.426043272018433,-126.07085418701172
241,1.0,242.0,22.87238597869873,-126.30653381347656
242,1.0,243.0,22.23083519935608,-126.1590805053711
243,1.0,244.0,21.700066328048706,-126.63583374023438
244,1.0,245.0,22.165969133377075,-125.97980499267578
245,1.0,246.0,22.47703266143799,-126.87065887451172
246,1.0,247.0,21.976665258407593,-125.7895278930664
247,1.0,248.0,22.303595781326294,-127.30067443847656
248,1.0,249.0,22.04418659210205,-125.42969512939453
249,1.0,250.0,22.665250539779663,-125.41057586669922
250,1.0,251.0,22.315531253814697,-127.02133178710938
251,1.0,252.0,21.791328191757202,-127.57537841796875
252,1.0,253.0,21.745264053344727,-125.77970886230469
253,1.0,254.0,22.643964290618896,-126.92100524902344
254,1.0,255.0,21.447702884674072,-126.88240051269531
255,1.0,256.0,22.45390820503235,-126.52715301513672
256,1.0,257.0,22.634803771972656,-126.82649993896484
257,1.0,258.0,21.78221821784973,-127.3297119140625
258,1.0,259.0,21.841976404190063,-128.06825256347656
259,1.0,260.0,22.42117404937744,-128.2231903076172
260,1.0,261.0,22.432962656021118,-126.95820617675781
261,1.0,262.0,22.93179702758789,-127.8385009765625
262,1.0,263.0,21.296422004699707,-126.5379638671875
263,1.0,264.0,22.41060972213745,-130.0202178955078
264,1.0,265.0,22.106919288635254,-126.569580078125
265,1.0,266.0,22.172600030899048,-128.16966247558594
266,1.0,267.0,22.592729568481445,-127.05332946777344
267,1.0,268.0,22.167325973510742,-125.82396697998047
268,1.0,269.0,22.708497524261475,-129.4813995361328
269,1.0,270.0,22.739449501037598,-126.46141052246094
270,1.0,271.0,22.710289001464844,-127.95291900634766
271,1.0,272.0,22.19496989250183,-129.88113403320312
272,1.0,273.0,23.198257207870483,-129.2852020263672
273,1.0,274.0,21.897560119628906,-129.17344665527344
274,1.0,275.0,22.254772663116455,-128.99354553222656
275,1.0,276.0,22.16155242919922,-128.484130859375
276,1.0,277.0,22.152250289916992,-127.50877380371094
277,1.0,278.0,22.29607057571411,-127.53472900390625
278,1.0,279.0,22.147260665893555,-129.12124633789062
279,1.0,280.0,22.31661057472229,-127.76234436035156
280,1.0,281.0,22.23640513420105,-127.97869110107422
281,1.0,282.0,10.345111846923828,-127.3447265625
282,2.0,1.0,22.3440899848938,-129.92291259765625
283,2.0,2.0,22.476208686828613,-128.40792846679688
284,2.0,3.0,22.12457823753357,-128.9996795654297
285,2.0,4.0,22.305139303207397,-128.00723266601562
286,2.0,5.0,22.09160852432251,-130.64060974121094
287,2.0,6.0,22.258373022079468,-129.63504028320312
288,2.0,7.0,22.694137573242188,-129.73118591308594
289,2.0,8.0,22.191575527191162,-129.12222290039062
290,2.0,9.0,22.598291873931885,-129.248779296875
291,2.0,10.0,22.56060791015625,-129.2567901611328
292,2.0,11.0,22.49155306816101,-125.85494995117188
293,2.0,12.0,22.48762059211731,-127.95030212402344
294,2.0,13.0,22.394620418548584,-129.78329467773438
295,2.0,14.0,23.05408000946045,-129.90687561035156
296,2.0,15.0,21.958143711090088,-129.2252960205078
297,2.0,16.0,22.307515621185303,-128.65133666992188
298,2.0,17.0,22.451846837997437,-131.36810302734375
299,2.0,18.0,21.658904790878296,-129.50894165039062
300,2.0,19.0,21.854339122772217,-128.86141967773438
301,2.0,20.0,22.570078134536743,-127.75807189941406
302,2.0,21.0,22.22266459465027,-128.92486572265625
303,2.0,22.0,22.580382347106934,-127.57443237304688
304,2.0,23.0,22.404585123062134,-130.51600646972656
305,2.0,24.0,22.39071559906006,-129.78414916992188
306,2.0,25.0,22.773616313934326,-129.52935791015625
307,2.0,26.0,21.9844868183136,-128.48590087890625
308,2.0,27.0,22.801133394241333,-131.89024353027344
309,2.0,28.0,22.57099175453186,-129.92816162109375
310,2.0,29.0,22.113670110702515,-129.62718200683594
311,2.0,30.0,21.93779706954956,-131.09112548828125
312,2.0,31.0,22.23960590362549,-130.0244140625
313,2.0,32.0,22.310850381851196,-131.5471954345703
314,2.0,33.0,21.93749737739563,-129.4007568359375
315,2.0,34.0,21.96506929397583,-130.40548706054688
316,2.0,35.0,21.956256866455078,-130.96728515625
317,2.0,36.0,22.326542139053345,-131.13449096679688
318,2.0,37.0,22.302060842514038,-131.98788452148438
319,2.0,38.0,21.76010823249817,-129.50111389160156
320,2.0,39.0,22.231608152389526,-130.46017456054688
321,2.0,40.0,21.879361152648926,-132.04151916503906
322,2.0,41.0,22.44519329071045,-131.5400390625
323,2.0,42.0,22.78480315208435,-129.71627807617188
324,2.0,43.0,21.95576548576355,-131.0213165283203
325,2.0,44.0,21.460299491882324,-131.10206604003906
326,2.0,45.0,22.296333074569702,-131.12255859375
327,2.0,46.0,21.76288890838623,-132.60678100585938
328,2.0,47.0,22.25913095474243,-130.64901733398438
329,2.0,48.0,22.42207622528076,-131.57467651367188
330,2.0,49.0,21.983624935150146,-131.38821411132812
331,2.0,50.0,22.28817105293274,-131.8721466064453
332,2.0,51.0,22.177427053451538,-130.55831909179688
333,2.0,52.0,22.36378240585327,-130.02285766601562
334,2.0,53.0,21.993155241012573,-131.62791442871094
335,2.0,54.0,22.344834566116333,-133.03285217285156
336,2.0,55.0,21.981457948684692,-131.50787353515625
337,2.0,56.0,22.348183393478394,-130.9984130859375
338,2.0,57.0,22.841934204101562,-132.33700561523438
339,2.0,58.0,22.672327756881714,-133.14173889160156
340,2.0,59.0,22.119810104370117,-132.56549072265625
341,2.0,60.0,22.336922645568848,-131.0802001953125
342,2.0,61.0,22.28066658973694,-131.82696533203125
343,2.0,62.0,22.062363386154175,-131.98062133789062
344,2.0,63.0,21.927581071853638,-131.47265625
345,2.0,64.0,23.323755025863647,-133.6875
346,2.0,65.0,21.711206912994385,-131.57513427734375
347,2.0,66.0,22.069868326187134,-132.0601043701172
348,2.0,67.0,22.62586522102356,-133.9180450439453
349,2.0,68.0,22.58029079437256,-131.55935668945312
350,2.0,69.0,22.315369367599487,-134.06922912597656
351,2.0,70.0,22.45236873626709,-131.33953857421875
352,2.0,71.0,22.541938066482544,-131.93533325195312
353,2.0,72.0,22.65165877342224,-132.72450256347656
354,2.0,73.0,22.351011514663696,-131.37713623046875
355,2.0,74.0,22.131014585494995,-131.54458618164062
356,2.0,75.0,22.594149351119995,-133.51983642578125
357,2.0,76.0,22.148740768432617,-131.66241455078125
358,2.0,77.0,22.414118766784668,-131.783935546875
359,2.0,78.0,22.764437675476074,-132.9990997314453
360,2.0,79.0,22.82128119468689,-132.0435791015625
361,2.0,80.0,22.05680274963379,-132.05104064941406
362,2.0,81.0,22.139588117599487,-132.71676635742188
363,2.0,82.0,22.572082042694092,-131.33523559570312
364,2.0,83.0,21.778589725494385,-131.117431640625
365,2.0,84.0,22.091975927352905,-132.59994506835938
366,2.0,85.0,22.649399042129517,-132.418212890625
367,2.0,86.0,22.94752860069275,-132.13101196289062
368,2.0,87.0,22.690898656845093,-130.8345184326172
369,2.0,88.0,22.189539909362793,-130.56524658203125
370,2.0,89.0,22.791828632354736,-132.68212890625
371,2.0,90.0,21.53074836730957,-130.9097442626953
372,2.0,91.0,21.92263889312744,-132.5948944091797
373,2.0,92.0,22.338040590286255,-132.3327178955078
374,2.0,93.0,21.20810604095459,-132.8629913330078
375,2.0,94.0,22.57660150527954,-132.26576232910156
376,2.0,95.0,22.127363920211792,-132.20753479003906
377,2.0,96.0,21.411770343780518,-131.26199340820312
378,2.0,97.0,20.53022050857544,-132.4762420654297
379,2.0,98.0,21.655132293701172,-132.80905151367188
380,2.0,99.0,19.615748167037964,-130.85650634765625
381,2.0,100.0,20.09287667274475,-133.0544891357422
382,2.0,101.0,19.527307987213135,-130.83238220214844
383,2.0,102.0,20.318970203399658,-134.2407684326172
384,2.0,103.0,19.510557651519775,-132.63345336914062
385,2.0,104.0,19.744694471359253,-134.12277221679688
386,2.0,105.0,20.573548555374146,-133.07174682617188
387,2.0,106.0,19.301011562347412,-133.67977905273438
388,2.0,107.0,20.29696297645569,-131.29750061035156
389,2.0,108.0,19.547645568847656,-132.22207641601562
390,2.0,109.0,19.721837282180786,-132.49862670898438
391,2.0,110.0,19.85649013519287,-131.67965698242188
392,2.0,111.0,20.51020860671997,-132.70887756347656
393,2.0,112.0,20.429033994674683,-134.54818725585938
394,2.0,113.0,19.831693410873413,-133.22732543945312
395,2.0,114.0,19.660078287124634,-132.21340942382812
396,2.0,115.0,18.95981740951538,-133.48020935058594
397,2.0,116.0,19.462759017944336,-132.08421325683594
398,2.0,117.0,19.96829628944397,-134.0357666015625
399,2.0,118.0,20.04169797897339,-134.12002563476562
400,2.0,119.0,20.258718013763428,-135.08250427246094
401,2.0,120.0,19.78452754020691,-134.51858520507812
402,2.0,121.0,19.801671981811523,-133.647705078125
403,2.0,122.0,20.27660822868347,-132.28271484375
404,2.0,123.0,19.86750864982605,-132.0924530029297
405,2.0,124.0,18.842379570007324,-133.487060546875
406,2.0,125.0,20.496258020401,-132.0174560546875
407,2.0,126.0,19.937390327453613,-132.3271484375
408,2.0,127.0,18.10563826560974,-134.11741638183594
409,2.0,128.0,20.54565739631653,-134.1564178466797
410,2.0,129.0,20.591530084609985,-132.75918579101562
411,2.0,130.0,19.876436710357666,-132.877197265625
412,2.0,131.0,19.453745126724243,-133.11558532714844
413,2.0,132.0,19.208322525024414,-134.0203857421875
414,2.0,133.0,20.755776405334473,-133.66189575195312
415,2.0,134.0,19.221811056137085,-135.11590576171875
416,2.0,135.0,20.085984706878662,-133.71978759765625
417,2.0,136.0,19.18208646774292,-133.30020141601562
418,2.0,137.0,20.944196701049805,-133.67645263671875
419,2.0,138.0,20.6767897605896,-133.57717895507812
420,2.0,139.0,19.72239899635315,-132.2680206298828
421,2.0,140.0,20.201756954193115,-134.04725646972656
422,2.0,141.0,20.2295560836792,-133.72181701660156
423,2.0,142.0,18.84953999519348,-132.58111572265625
424,2.0,143.0,19.983227014541626,-134.50045776367188
425,2.0,144.0,20.302175760269165,-132.41624450683594
426,2.0,145.0,19.85957169532776,-131.9498291015625
427,2.0,146.0,20.13331151008606,-132.84555053710938
428,2.0,147.0,19.997462034225464,-132.6968536376953
429,2.0,148.0,20.114866733551025,-135.4235382080078
430,2.0,149.0,19.78994131088257,-132.1800079345703
431,2.0,150.0,21.223801851272583,-132.3093719482422
432,2.0,151.0,19.576231002807617,-133.03976440429688
433,2.0,152.0,20.455804109573364,-133.02001953125
434,2.0,153.0,19.91086745262146,-130.42501831054688
435,2.0,154.0,20.31327247619629,-133.63946533203125
436,2.0,155.0,20.63073706626892,-134.6785888671875
437,2.0,156.0,19.3766508102417,-134.196533203125
438,2.0,157.0,20.261520385742188,-134.54901123046875
439,2.0,158.0,19.384026288986206,-133.38333129882812
440,2.0,159.0,18.449162483215332,-135.83078002929688
441,2.0,160.0,20.564788579940796,-135.18157958984375
442,2.0,161.0,20.23479723930359,-134.83135986328125
443,2.0,162.0,20.23942804336548,-135.19102478027344
444,2.0,163.0,18.215978384017944,-135.6845703125
445,2.0,164.0,18.994259119033813,-136.3893585205078
446,2.0,165.0,20.2324116230011,-137.4342041015625
447,2.0,166.0,19.356447458267212,-136.5923309326172
448,2.0,167.0,20.596446990966797,-135.45938110351562
449,2.0,168.0,19.217559576034546,-134.76107788085938
450,2.0,169.0,19.905418395996094,-132.90174865722656
451,2.0,170.0,20.353128671646118,-134.82418823242188
452,2.0,171.0,20.431188106536865,-132.52781677246094
453,2.0,172.0,19.054269552230835,-135.1219482421875
454,2.0,173.0,20.30409288406372,-135.82247924804688
455,2.0,174.0,19.684536457061768,-135.0983428955078
456,2.0,175.0,19.2931125164032,-137.00433349609375
457,2.0,176.0,19.88306999206543,-137.23280334472656
458,2.0,177.0,19.219939947128296,-134.6169891357422
459,2.0,178.0,20.33552384376526,-133.7389678955078
460,2.0,179.0,19.241297960281372,-135.3966827392578
461,2.0,180.0,19.519948720932007,-134.99111938476562
462,2.0,181.0,19.68616485595703,-133.22802734375
463,2.0,182.0,19.99152660369873,-137.93284606933594
464,2.0,183.0,23.91901922225952,-137.17691040039062
465,2.0,184.0,20.187434911727905,-134.2982940673828
466,2.0,185.0,21.2312753200531,-134.91513061523438
467,2.0,186.0,20.246721267700195,-136.20167541503906
468,2.0,187.0,20.795833110809326,-134.8630828857422
469,2.0,188.0,19.990919589996338,-135.88194274902344
470,2.0,189.0,19.18122148513794,-134.44589233398438
471,2.0,190.0,19.920176029205322,-134.48704528808594
472,2.0,191.0,19.24983239173889,-136.21461486816406
473,2.0,192.0,18.58897352218628,-136.31631469726562
474,2.0,193.0,19.125697135925293,-133.65469360351562
475,2.0,194.0,18.17590308189392,-135.2451934814453
476,2.0,195.0,18.7050142288208,-135.73678588867188
477,2.0,196.0,18.38360905647278,-135.6007537841797
478,2.0,197.0,19.382089138031006,-137.17181396484375
479,2.0,198.0,18.841503381729126,-135.76675415039062
480,2.0,199.0,18.766339778900146,-136.3614959716797
481,2.0,200.0,18.70045042037964,-137.55374145507812
482,2.0,201.0,18.741640329360962,-135.23638916015625
483,2.0,202.0,18.839102745056152,-133.1317901611328
484,2.0,203.0,18.65270209312439,-136.90667724609375
485,2.0,204.0,18.355071544647217,-133.86268615722656
486,2.0,205.0,18.29287075996399,-135.9333038330078
487,2.0,206.0,16.980485916137695,-135.04200744628906
488,2.0,207.0,18.507797956466675,-135.76983642578125
489,2.0,208.0,16.890398263931274,-136.15077209472656
490,2.0,209.0,18.31881546974182,-134.34963989257812
491,2.0,210.0,18.80171251296997,-133.9729766845703
492,2.0,211.0,17.34833288192749,-136.07608032226562
493,2.0,212.0,18.33724045753479,-135.4803009033203
494,2.0,213.0,18.32883071899414,-134.6051483154297
495,2.0,214.0,17.83418321609497,-134.83273315429688
496,2.0,215.0,22.411134481430054,-135.12490844726562
497,2.0,216.0,20.667590141296387,-136.65847778320312
498,2.0,217.0,19.281466245651245,-136.3059844970703
499,2.0,218.0,19.338420391082764,-134.9302978515625
500,2.0,219.0,17.842408657073975,-136.87164306640625
501,2.0,220.0,17.56676936149597,-136.33058166503906
502,2.0,221.0,17.23776888847351,-136.44154357910156
503,2.0,222.0,17.5577232837677,-136.34291076660156
504,2.0,223.0,18.56685495376587,-136.4844512939453
505,2.0,224.0,17.39663815498352,-137.7473907470703
506,2.0,225.0,17.725123167037964,-136.37472534179688
507,2.0,226.0,17.608428716659546,-136.72242736816406
508,2.0,227.0,17.804505586624146,-134.4015350341797
509,2.0,228.0,17.64990258216858,-135.40939331054688
510,2.0,229.0,17.97504425048828,-135.80645751953125
511,2.0,230.0,17.8978009223938,-135.29397583007812
512,2.0,231.0,17.801724195480347,-138.15042114257812
513,2.0,232.0,17.83688449859619,-137.70477294921875
514,2.0,233.0,17.52286148071289,-137.6554718017578
515,2.0,234.0,18.238123416900635,-135.44631958007812
516,2.0,235.0,17.342157125473022,-136.63143920898438
517,2.0,236.0,17.585313081741333,-136.84217834472656
518,2.0,237.0,17.82876443862915,-136.81161499023438
519,2.0,238.0,17.489396572113037,-137.1088409423828
520,2.0,239.0,17.03802466392517,-134.6977996826172
521,2.0,240.0,16.884504079818726,-138.19674682617188
522,2.0,241.0,17.97328782081604,-137.2672119140625
523,2.0,242.0,18.10727047920227,-135.275146484375
524,2.0,243.0,17.687827110290527,-137.1845245361328
525,2.0,244.0,17.35489249229431,-136.55360412597656
526,2.0,245.0,17.20145320892334,-137.08892822265625
527,2.0,246.0,17.84986186027527,-136.12838745117188
528,2.0,247.0,17.827353715896606,-137.0801544189453
529,2.0,248.0,17.109785318374634,-137.51219177246094
530,2.0,249.0,18.050686359405518,-138.31431579589844
531,2.0,250.0,18.01138424873352,-136.76109313964844
532,2.0,251.0,17.782031059265137,-137.5106658935547
533,2.0,252.0,17.552218914031982,-136.20013427734375
534,2.0,253.0,17.83035397529602,-135.80084228515625
535,2.0,254.0,17.645864486694336,-136.2641143798828
536,2.0,255.0,17.22060227394104,-137.0381317138672
537,2.0,256.0,17.902368783950806,-136.893798828125
538,2.0,257.0,17.397862911224365,-136.0216522216797
539,2.0,258.0,17.72015404701233,-135.5894012451172
540,2.0,259.0,17.337308645248413,-134.8048095703125
541,2.0,260.0,17.26296877861023,-137.66836547851562
542,2.0,261.0,17.391714334487915,-137.16482543945312
543,2.0,262.0,18.219961404800415,-137.67367553710938
544,2.0,263.0,17.462927103042603,-137.4035186767578
545,2.0,264.0,17.530034065246582,-135.81381225585938
546,2.0,265.0,17.13266396522522,-137.02972412109375
547,2.0,266.0,17.603516340255737,-136.23687744140625
548,2.0,267.0,17.85739016532898,-137.73361206054688
549,2.0,268.0,17.427629709243774,-137.15225219726562
550,2.0,269.0,17.58502173423767,-136.27499389648438
551,2.0,270.0,17.957648515701294,-138.18675231933594
552,2.0,271.0,17.63717484474182,-139.1903076171875
553,2.0,272.0,17.77928400039673,-136.55416870117188
554,2.0,273.0,17.992553234100342,-137.57920837402344
555,2.0,274.0,17.730626106262207,-136.39132690429688
556,2.0,275.0,17.755825757980347,-137.03038024902344
557,2.0,276.0,17.226394414901733,-137.80906677246094
558,2.0,277.0,18.130822896957397,-137.3963165283203
559,2.0,278.0,17.66189956665039,-137.00820922851562
560,2.0,279.0,17.51920223236084,-136.33595275878906
561,2.0,280.0,17.784459352493286,-138.65274047851562
562,2.0,281.0,17.439746379852295,-137.81549072265625
563,2.0,282.0,8.851463556289673,-136.47372436523438
564,3.0,1.0,18.349597692489624,-137.12149047851562
565,3.0,2.0,17.461036205291748,-138.11679077148438
566,3.0,3.0,17.042489767074585,-137.64947509765625
567,3.0,4.0,18.167781591415405,-136.4046173095703
568,3.0,5.0,17.86589789390564,-136.43795776367188
569,3.0,6.0,17.571329355239868,-136.78060913085938
570,3.0,7.0,17.39805841445923,-138.6903533935547
571,3.0,8.0,18.166097164154053,-137.4201202392578
572,3.0,9.0,18.219747066497803,-136.39088439941406
573,3.0,10.0,17.64481830596924,-136.53720092773438
574,3.0,11.0,17.651065349578857,-136.0904083251953
575,3.0,12.0,17.914971113204956,-137.8623046875
576,3.0,13.0,17.983043670654297,-137.0681915283203
577,3.0,14.0,17.77708077430725,-136.79525756835938
578,3.0,15.0,15.629446744918823,-139.9200897216797
579,3.0,16.0,17.89507532119751,-139.20816040039062
580,3.0,17.0,17.419028282165527,-138.67333984375
581,3.0,18.0,18.20485544204712,-138.4962921142578
582,3.0,19.0,17.604365587234497,-138.57693481445312
583,3.0,20.0,17.028874397277832,-137.99102783203125
584,3.0,21.0,17.272939682006836,-138.02781677246094
585,3.0,22.0,17.410269021987915,-137.16416931152344
586,3.0,23.0,17.936424732208252,-138.0167999267578
587,3.0,24.0,17.793670415878296,-136.6078643798828
588,3.0,25.0,17.952625036239624,-136.5607147216797
589,3.0,26.0,17.27302598953247,-135.86972045898438
590,3.0,27.0,17.640106439590454,-136.91981506347656
591,3.0,28.0,17.65527081489563,-137.49090576171875
592,3.0,29.0,17.503286838531494,-138.1511688232422
593,3.0,30.0,17.625893592834473,-136.92454528808594
594,3.0,31.0,17.635289669036865,-137.89031982421875
595,3.0,32.0,17.33979320526123,-138.93060302734375
596,3.0,33.0,17.542283535003662,-138.10606384277344
597,3.0,34.0,17.60953998565674,-136.92567443847656
598,3.0,35.0,18.518133401870728,-137.7785186767578
599,3.0,36.0,17.131261348724365,-138.55685424804688
600,3.0,37.0,17.725563526153564,-137.67410278320312
601,3.0,38.0,17.96291947364807,-137.6938934326172
602,3.0,39.0,18.14221477508545,-138.44435119628906
603,3.0,40.0,17.921803951263428,-139.38540649414062
604,3.0,41.0,17.902477741241455,-137.18814086914062
605,3.0,42.0,17.48341703414917,-138.56558227539062
606,3.0,43.0,18.08361792564392,-137.5863037109375
607,3.0,44.0,17.375359058380127,-137.97189331054688
608,3.0,45.0,17.043659210205078,-139.5083770751953
609,3.0,46.0,16.870057106018066,-138.74009704589844
610,3.0,47.0,17.17364001274109,-139.35113525390625
611,3.0,48.0,18.147247314453125,-138.60357666015625
612,3.0,49.0,17.64017963409424,-139.1405029296875
613,3.0,50.0,17.3988037109375,-138.67282104492188
614,3.0,51.0,17.9208767414093,-136.33453369140625
615,3.0,52.0,17.952885389328003,-138.12545776367188
616,3.0,53.0,17.83551263809204,-137.41439819335938
617,3.0,54.0,17.429915189743042,-136.20242309570312
618,3.0,55.0,17.617753505706787,-138.47125244140625
619,3.0,56.0,18.130617380142212,-138.61160278320312
620,3.0,57.0,16.88882350921631,-138.7439422607422
621,3.0,58.0,17.570912837982178,-137.92172241210938
622,3.0,59.0,17.7141752243042,-134.97921752929688
623,3.0,60.0,17.942935466766357,-138.30401611328125
624,3.0,61.0,17.596911907196045,-136.81396484375
625,3.0,62.0,17.705862760543823,-137.5374755859375
626,3.0,63.0,17.567473649978638,-138.73812866210938
627,3.0,64.0,17.46319818496704,-136.0565185546875
628,3.0,65.0,17.272944927215576,-139.33200073242188
629,3.0,66.0,17.727200508117676,-137.52059936523438
630,3.0,67.0,17.89969539642334,-138.62811279296875
631,3.0,68.0,18.394078254699707,-140.76358032226562
632,3.0,69.0,17.72288417816162,-137.47634887695312
633,3.0,70.0,17.86634659767151,-139.35955810546875
634,3.0,71.0,17.822134971618652,-139.55807495117188
635,3.0,72.0,17.706925868988037,-138.5153045654297
636,3.0,73.0,17.70215892791748,-139.36009216308594
637,3.0,74.0,17.467546463012695,-137.79002380371094
638,3.0,75.0,17.556253910064697,-138.7563934326172
639,3.0,76.0,17.51605534553528,-138.2437286376953
640,3.0,77.0,18.011400938034058,-138.72021484375
641,3.0,78.0,18.002381563186646,-139.09756469726562
642,3.0,79.0,16.9670627117157,-137.6861114501953
643,3.0,80.0,17.96339201927185,-138.72640991210938
644,3.0,81.0,17.490021228790283,-137.57740783691406
645,3.0,82.0,17.79918622970581,-139.3848419189453
646,3.0,83.0,17.80755305290222,-137.4380645751953
647,3.0,84.0,17.628498077392578,-139.1363983154297
648,3.0,85.0,17.885734796524048,-139.05177307128906
649,3.0,86.0,17.79234027862549,-138.4539337158203
650,3.0,87.0,18.030372619628906,-138.97898864746094
651,3.0,88.0,17.70820450782776,-138.11962890625
652,3.0,89.0,18.093480587005615,-137.0826416015625
653,3.0,90.0,17.7738618850708,-140.4302978515625
654,3.0,91.0,17.89329242706299,-137.16513061523438
655,3.0,92.0,17.598488569259644,-137.05210876464844
656,3.0,93.0,17.257396459579468,-139.59103393554688
657,3.0,94.0,18.212902069091797,-138.29075622558594
658,3.0,95.0,17.45808172225952,-137.09861755371094
659,3.0,96.0,17.602567434310913,-138.70053100585938
660,3.0,97.0,17.50220537185669,-139.3226776123047
661,3.0,98.0,17.425127267837524,-140.24472045898438
662,3.0,99.0,17.702655792236328,-138.94834899902344
663,3.0,100.0,17.690308332443237,-139.33230590820312
664,3.0,101.0,17.29574465751648,-139.64285278320312
665,3.0,102.0,17.702080249786377,-138.72784423828125
666,3.0,103.0,17.55924916267395,-139.41258239746094
667,3.0,104.0,17.868810176849365,-138.93643188476562
668,3.0,105.0,17.77553391456604,-139.2588348388672
669,3.0,106.0,18.193052768707275,-139.93820190429688
670,3.0,107.0,16.876436710357666,-137.4806671142578
671,3.0,108.0,17.402865409851074,-139.79310607910156
672,3.0,109.0,17.659369945526123,-139.4242401123047
673,3.0,110.0,17.50870990753174,-140.77667236328125
674,3.0,111.0,17.781059980392456,-137.8141632080078
675,3.0,112.0,17.404527187347412,-141.09608459472656
676,3.0,113.0,18.172112703323364,-138.1201629638672
677,3.0,114.0,17.181468963623047,-137.3887481689453
678,3.0,115.0,17.694292783737183,-138.40052795410156
679,3.0,116.0,18.065836429595947,-139.54417419433594
680,3.0,117.0,17.541701793670654,-138.95205688476562
681,3.0,118.0,17.887861251831055,-138.22177124023438
682,3.0,119.0,18.086697340011597,-140.61231994628906
683,3.0,120.0,17.63163447380066,-139.01980590820312
684,3.0,121.0,17.81593108177185,-140.09420776367188
685,3.0,122.0,16.463205575942993,-140.03857421875
686,3.0,123.0,18.275474786758423,-136.7845001220703
687,3.0,124.0,17.26751446723938,-138.34234619140625
688,3.0,125.0,17.711222648620605,-138.27398681640625
689,3.0,126.0,17.956748962402344,-137.1859588623047
690,3.0,127.0,17.563314199447632,-138.59642028808594
691,3.0,128.0,18.256876945495605,-138.85415649414062
692,3.0,129.0,17.600940227508545,-139.54637145996094
693,3.0,130.0,17.667248249053955,-138.4541473388672
694,3.0,131.0,17.792131900787354,-139.62701416015625
695,3.0,132.0,17.774855136871338,-137.12814331054688
696,3.0,133.0,17.32602024078369,-138.13914489746094
697,3.0,134.0,17.28218936920166,-140.05845642089844
698,3.0,135.0,17.131643533706665,-139.93124389648438
699,3.0,136.0,17.76471972465515,-139.97410583496094
700,3.0,137.0,17.64793610572815,-136.07086181640625
701,3.0,138.0,17.89274835586548,-139.88465881347656
702,3.0,139.0,17.263641595840454,-139.73797607421875
703,3.0,140.0,17.001609086990356,-139.3710174560547
704,3.0,141.0,18.036701202392578,-140.04449462890625
705,3.0,142.0,17.7271089553833,-138.7418670654297
706,3.0,143.0,17.696213483810425,-138.79100036621094
707,3.0,144.0,17.456668615341187,-138.41575622558594
708,3.0,145.0,17.902212858200073,-139.41969299316406
709,3.0,146.0,17.861445903778076,-138.84661865234375
710,3.0,147.0,17.152260065078735,-139.37026977539062
711,3.0,148.0,17.884670734405518,-138.4891815185547
712,3.0,149.0,17.507889986038208,-137.76165771484375
713,3.0,150.0,17.331348180770874,-137.66018676757812
714,3.0,151.0,18.009915590286255,-137.82740783691406
715,3.0,152.0,17.776759386062622,-137.73443603515625
716,3.0,153.0,17.875021934509277,-140.0518798828125
717,3.0,154.0,18.121575593948364,-138.54336547851562
718,3.0,155.0,17.75451636314392,-138.8789520263672
719,3.0,156.0,17.664918899536133,-139.97360229492188
720,3.0,157.0,18.092723608016968,-137.7928466796875
721,3.0,158.0,18.030147314071655,-140.1474609375
722,3.0,159.0,17.825128078460693,-138.8459014892578
723,3.0,160.0,18.257938861846924,-140.8330078125
724,3.0,161.0,17.766846895217896,-139.09803771972656
725,3.0,162.0,18.15413737297058,-139.49888610839844
726,3.0,163.0,17.64504361152649,-138.45199584960938
727,3.0,164.0,17.909708976745605,-140.22866821289062
728,3.0,165.0,17.765721797943115,-139.4541015625
729,3.0,166.0,17.82966637611389,-140.0264434814453
730,3.0,167.0,17.31406259536743,-141.3156280517578
731,3.0,168.0,17.77998185157776,-138.20895385742188
732,3.0,169.0,18.086599111557007,-140.3323974609375
733,3.0,170.0,17.68846821784973,-139.04238891601562
734,3.0,171.0,17.32268261909485,-139.64630126953125
735,3.0,172.0,17.837300062179565,-139.34059143066406
736,3.0,173.0,17.01409411430359,-139.07557678222656
737,3.0,174.0,17.678372621536255,-139.52725219726562
738,3.0,175.0,17.94453001022339,-137.92697143554688
739,3.0,176.0,17.76307988166809,-139.86517333984375
740,3.0,177.0,17.924877882003784,-138.23899841308594
741,3.0,178.0,18.069896459579468,-139.59658813476562
742,3.0,179.0,17.164422750473022,-140.96453857421875
743,3.0,180.0,17.96710515022278,-140.8789825439453
744,3.0,181.0,17.828087091445923,-139.68753051757812
745,3.0,182.0,17.68472719192505,-140.91989135742188
746,3.0,183.0,17.69383144378662,-139.29190063476562
747,3.0,184.0,17.34726333618164,-139.20761108398438
748,3.0,185.0,17.922127962112427,-137.89566040039062
749,3.0,186.0,17.432059288024902,-140.9175262451172
750,3.0,187.0,18.03080129623413,-141.25169372558594
751,3.0,188.0,17.667628288269043,-139.3852081298828
752,3.0,189.0,17.62542223930359,-140.7384796142578
753,3.0,190.0,17.961429119110107,-141.2696075439453
754,3.0,191.0,17.69865369796753,-139.75990295410156
755,3.0,192.0,17.420491218566895,-138.9759063720703
756,3.0,193.0,17.796133279800415,-140.37551879882812
757,3.0,194.0,17.919062852859497,-139.8496551513672
758,3.0,195.0,18.092466831207275,-139.5682373046875
759,3.0,196.0,17.755398273468018,-139.8748016357422
760,3.0,197.0,17.502681732177734,-139.97084045410156
761,3.0,198.0,17.75491499900818,-140.55453491210938
762,3.0,199.0,17.988435983657837,-139.9729461669922
763,3.0,200.0,17.640488624572754,-139.96633911132812
764,3.0,201.0,17.92735528945923,-139.43405151367188
765,3.0,202.0,17.021676301956177,-140.60736083984375
766,3.0,203.0,17.818280935287476,-139.2960662841797
767,3.0,204.0,17.877087354660034,-138.81573486328125
768,3.0,205.0,17.532066345214844,-139.9508819580078
769,3.0,206.0,17.999311685562134,-140.5476531982422
770,3.0,207.0,17.31251811981201,-140.1133270263672
771,3.0,208.0,17.348814249038696,-139.19847106933594
772,3.0,209.0,17.83543372154236,-140.03150939941406
773,3.0,210.0,17.25767970085144,-138.953369140625
774,3.0,211.0,17.708295583724976,-140.83570861816406
775,3.0,212.0,17.335177183151245,-139.5055694580078
776,3.0,213.0,17.655293226242065,-140.1472930908203
777,3.0,214.0,17.562604427337646,-139.58758544921875
778,3.0,215.0,17.509401559829712,-140.63673400878906
779,3.0,216.0,18.476197004318237,-142.54800415039062
780,3.0,217.0,17.768288135528564,-140.82656860351562
781,3.0,218.0,17.530641078948975,-139.82882690429688
782,3.0,219.0,17.737329244613647,-140.3281707763672
783,3.0,220.0,17.625985860824585,-139.92398071289062
784,3.0,221.0,17.787123203277588,-140.9415283203125
785,3.0,222.0,17.731000423431396,-138.97711181640625
786,3.0,223.0,17.529438972473145,-138.925537109375
787,3.0,224.0,17.511786460876465,-140.6380157470703
788,3.0,225.0,18.139453887939453,-140.60841369628906
789,3.0,226.0,17.519733428955078,-138.52462768554688
790,3.0,227.0,18.089309215545654,-138.47848510742188
791,3.0,228.0,17.778279542922974,-139.46836853027344
792,3.0,229.0,17.71047019958496,-139.6792449951172
793,3.0,230.0,18.148256301879883,-140.9471893310547
794,3.0,231.0,17.008007287979126,-138.91221618652344
795,3.0,232.0,17.790975332260132,-139.81637573242188
796,3.0,233.0,17.69613790512085,-139.65579223632812
797,3.0,234.0,17.69253396987915,-141.44810485839844
798,3.0,235.0,17.798014879226685,-139.6873016357422
799,3.0,236.0,17.520100116729736,-139.45980834960938
800,3.0,237.0,17.821263790130615,-139.8779754638672
801,3.0,238.0,17.663307189941406,-138.7980499267578
802,3.0,239.0,17.7919282913208,-140.66815185546875
803,3.0,240.0,18.04535746574402,-140.4710693359375
804,3.0,241.0,18.167604684829712,-140.48666381835938
805,3.0,242.0,17.44154691696167,-140.054443359375
806,3.0,243.0,18.14212656021118,-140.5338897705078
807,3.0,244.0,18.045022010803223,-141.9350128173828
808,3.0,245.0,17.602755069732666,-139.46401977539062
809,3.0,246.0,17.584680557250977,-140.35220336914062
810,3.0,247.0,17.34213900566101,-140.47406005859375
811,3.0,248.0,16.504770040512085,-140.9637908935547
812,3.0,249.0,17.17430830001831,-142.1003875732422
813,3.0,250.0,18.15081810951233,-140.1541290283203
814,3.0,251.0,17.79654598236084,-140.04031372070312
815,3.0,252.0,17.473251342773438,-140.86788940429688
816,3.0,253.0,18.067070484161377,-140.1109161376953
817,3.0,254.0,17.369842290878296,-139.73960876464844
818,3.0,255.0,17.831988096237183,-140.674072265625
819,3.0,256.0,17.713749408721924,-140.65489196777344
820,3.0,257.0,16.78579545021057,-139.93955993652344
821,3.0,258.0,17.496864557266235,-140.06748962402344
822,3.0,259.0,17.617133140563965,-139.965087890625
823,3.0,260.0,17.438172817230225,-140.9529571533203
824,3.0,261.0,17.482855558395386,-140.3094482421875
825,3.0,262.0,17.648380517959595,-141.48011779785156
826,3.0,263.0,17.209506511688232,-140.79147338867188
827,3.0,264.0,17.50934934616089,-140.20828247070312
828,3.0,265.0,18.32816505432129,-139.36614990234375
829,3.0,266.0,17.588460683822632,-140.81005859375
830,3.0,267.0,17.455084800720215,-139.6356658935547
831,3.0,268.0,17.212568998336792,-141.36935424804688
832,3.0,269.0,17.753236532211304,-139.5781707763672
833,3.0,270.0,17.583608150482178,-141.5096435546875
834,3.0,271.0,17.616324186325073,-141.09280395507812
835,3.0,272.0,17.773853540420532,-138.81617736816406
836,3.0,273.0,17.91870903968811,-140.6290740966797
837,3.0,274.0,17.594555616378784,-139.69906616210938
838,3.0,275.0,17.548567295074463,-141.15301513671875
839,3.0,276.0,17.41863989830017,-141.31298828125
840,3.0,277.0,17.817204475402832,-141.6703643798828
841,3.0,278.0,17.38226628303528,-140.69036865234375
842,3.0,279.0,17.49959897994995,-141.03683471679688
843,3.0,280.0,16.208438873291016,-139.08770751953125
844,3.0,281.0,18.062882661819458,-140.08465576171875
845,3.0,282.0,8.929355144500732,-143.1630859375
846,4.0,1.0,17.691436052322388,-139.8144073486328
847,4.0,2.0,17.56209897994995,-140.63204956054688
848,4.0,3.0,17.883314609527588,-141.05227661132812
849,4.0,4.0,17.857167720794678,-139.950439453125
850,4.0,5.0,17.571817636489868,-138.8380126953125
851,4.0,6.0,17.83179521560669,-140.3268280029297
852,4.0,7.0,17.837509155273438,-141.1173095703125
853,4.0,8.0,17.546969175338745,-138.81703186035156
854,4.0,9.0,17.545854091644287,-139.9394073486328
855,4.0,10.0,18.14202356338501,-140.2497100830078
856,4.0,11.0,17.953898668289185,-140.51625061035156
857,4.0,12.0,17.779139757156372,-141.1455535888672
858,4.0,13.0,17.673868894577026,-140.01559448242188
859,4.0,14.0,17.56418514251709,-140.26231384277344
860,4.0,15.0,17.078560829162598,-139.93826293945312
861,4.0,16.0,17.370948553085327,-140.65878295898438
862,4.0,17.0,17.811164379119873,-141.16558837890625
863,4.0,18.0,17.730366706848145,-140.25546264648438
864,4.0,19.0,17.79750633239746,-140.5999298095703
865,4.0,20.0,17.79482936859131,-140.11277770996094
866,4.0,21.0,17.683094263076782,-138.66468811035156
867,4.0,22.0,17.35470700263977,-140.0131072998047
868,4.0,23.0,17.358766794204712,-141.13369750976562
869,4.0,24.0,17.724571704864502,-140.27816772460938
870,4.0,25.0,17.361432552337646,-141.9305877685547
871,4.0,26.0,17.822360277175903,-140.80287170410156
872,4.0,27.0,17.85640048980713,-141.38784790039062
873,4.0,28.0,17.58398985862732,-140.79959106445312
874,4.0,29.0,18.08359384536743,-137.89193725585938
875,4.0,30.0,17.495750665664673,-141.2355499267578
876,4.0,31.0,17.90938401222229,-140.41082763671875
877,4.0,32.0,17.934834003448486,-142.94793701171875
878,4.0,33.0,17.764338493347168,-140.29995727539062
879,4.0,34.0,17.33797860145569,-139.72645568847656
880,4.0,35.0,17.825259685516357,-142.0819549560547
881,4.0,36.0,18.066418170928955,-140.21249389648438
882,4.0,37.0,17.7445969581604,-140.80862426757812
883,4.0,38.0,17.563196897506714,-140.61721801757812
884,4.0,39.0,17.458062410354614,-141.38278198242188
885,4.0,40.0,17.591415405273438,-140.92127990722656
886,4.0,41.0,17.33837890625,-139.94992065429688
887,4.0,42.0,17.40134072303772,-142.17611694335938
888,4.0,43.0,17.79541516304016,-142.0927734375
889,4.0,44.0,17.785862922668457,-140.82174682617188
890,4.0,45.0,18.28161334991455,-141.90850830078125
891,4.0,46.0,18.27354407310486,-142.03553771972656
892,4.0,47.0,17.635263681411743,-141.1113739013672
893,4.0,48.0,17.812860012054443,-141.05821228027344
894,4.0,49.0,17.702096462249756,-140.18812561035156
895,4.0,50.0,17.670382738113403,-141.22988891601562
896,4.0,51.0,17.367511749267578,-142.16900634765625
897,4.0,52.0,17.767656326293945,-142.912109375
898,4.0,53.0,18.204968690872192,-141.5513153076172
899,4.0,54.0,17.657326221466064,-141.73843383789062
900,4.0,55.0,17.67928194999695,-140.44607543945312
901,4.0,56.0,17.66377902030945,-139.38079833984375
902,4.0,57.0,17.705829620361328,-141.0129852294922
903,4.0,58.0,17.547680854797363,-140.9084014892578
904,4.0,59.0,17.970019102096558,-141.60147094726562
905,4.0,60.0,17.99909472465515,-142.09771728515625
906,4.0,61.0,17.754196643829346,-142.13133239746094
907,4.0,62.0,18.107767820358276,-142.14012145996094
908,4.0,63.0,17.547785997390747,-140.75198364257812
909,4.0,64.0,17.767716646194458,-139.6685791015625
910,4.0,65.0,17.879120588302612,-142.67930603027344
911,4.0,66.0,18.282730102539062,-141.48736572265625
912,4.0,67.0,17.85868501663208,-141.21766662597656
913,4.0,68.0,17.79452681541443,-139.37924194335938
914,4.0,69.0,17.84478235244751,-140.25308227539062
915,4.0,70.0,17.70272994041443,-140.82513427734375
916,4.0,71.0,17.922340154647827,-140.4368438720703
917,4.0,72.0,17.865930557250977,-140.20530700683594
918,4.0,73.0,17.722102403640747,-142.09918212890625
919,4.0,74.0,16.85337519645691,-141.08790588378906
920,4.0,75.0,17.490655422210693,-141.5649871826172
921,4.0,76.0,17.80794405937195,-140.9976806640625
922,4.0,77.0,17.616644144058228,-141.21261596679688
923,4.0,78.0,17.888917446136475,-141.9325714111328
924,4.0,79.0,17.79359459877014,-142.19210815429688
925,4.0,80.0,17.741823434829712,-140.45042419433594
926,4.0,81.0,17.64055299758911,-140.4707794189453
927,4.0,82.0,17.879253149032593,-141.9963836669922
928,4.0,83.0,18.213446378707886,-140.97677612304688
929,4.0,84.0,17.817123651504517,-140.47406005859375
930,4.0,85.0,18.21899104118347,-141.03659057617188
931,4.0,86.0,17.754897832870483,-141.3199005126953
932,4.0,87.0,17.560487508773804,-142.38912963867188
933,4.0,88.0,17.898189306259155,-140.90774536132812
934,4.0,89.0,17.90994882583618,-138.60171508789062
935,4.0,90.0,17.75932025909424,-142.49822998046875
936,4.0,91.0,17.570838451385498,-140.86331176757812
937,4.0,92.0,19.158568620681763,-141.1860809326172
938,4.0,93.0,19.80045509338379,-141.26502990722656
939,4.0,94.0,19.951250076293945,-141.2037353515625
940,4.0,95.0,20.04593014717102,-143.9362030029297
941,4.0,96.0,20.5179123878479,-140.754150390625
942,4.0,97.0,20.24766254425049,-140.22637939453125
943,4.0,98.0,20.210500478744507,-141.03659057617188
944,4.0,99.0,20.11839246749878,-141.34202575683594
945,4.0,100.0,20.280802965164185,-140.82786560058594
946,4.0,101.0,19.899351119995117,-141.6089630126953
947,4.0,102.0,20.20607018470764,-140.1358642578125
948,4.0,103.0,19.82785701751709,-142.972412109375
949,4.0,104.0,20.137720823287964,-141.77114868164062
950,4.0,105.0,19.57715344429016,-139.9713134765625
951,4.0,106.0,19.451327800750732,-141.32472229003906
952,4.0,107.0,20.24140453338623,-143.08021545410156
953,4.0,108.0,19.756762742996216,-139.96566772460938
954,4.0,109.0,20.100385665893555,-140.11793518066406
955,4.0,110.0,20.383957147598267,-143.1775360107422
956,4.0,111.0,19.365549564361572,-141.59341430664062
957,4.0,112.0,20.38224506378174,-140.75772094726562
958,4.0,113.0,20.137243509292603,-139.2148895263672
959,4.0,114.0,20.094950914382935,-141.95814514160156
960,4.0,115.0,20.050649404525757,-140.35598754882812
961,4.0,116.0,19.887906074523926,-140.65476989746094
962,4.0,117.0,19.727939128875732,-141.05728149414062
963,4.0,118.0,19.488925457000732,-141.13169860839844
964,4.0,119.0,20.10569953918457,-142.0643310546875
965,4.0,120.0,19.98132014274597,-140.42303466796875
966,4.0,121.0,19.97253441810608,-141.0829620361328
967,4.0,122.0,19.720031023025513,-140.7339630126953
968,4.0,123.0,20.00186514854431,-141.265625
969,4.0,124.0,19.957988023757935,-138.8990478515625
970,4.0,125.0,19.749225616455078,-142.205810546875
971,4.0,126.0,20.022138357162476,-141.41445922851562
972,4.0,127.0,19.98233985900879,-140.6748046875
973,4.0,128.0,19.85297918319702,-142.33290100097656
974,4.0,129.0,20.272315979003906,-142.4595947265625
975,4.0,130.0,19.63453435897827,-142.16659545898438
976,4.0,131.0,19.77208638191223,-142.489013671875
977,4.0,132.0,19.97116494178772,-141.24627685546875
978,4.0,133.0,20.01561212539673,-141.71987915039062
979,4.0,134.0,19.560628414154053,-141.79063415527344
980,4.0,135.0,19.947903394699097,-141.16026306152344
981,4.0,136.0,20.01493000984192,-142.17491149902344
982,4.0,137.0,19.628738403320312,-141.50721740722656
983,4.0,138.0,20.248002767562866,-140.97900390625
984,4.0,139.0,20.26207423210144,-140.50201416015625
985,4.0,140.0,19.8040874004364,-140.0789794921875
986,4.0,141.0,19.833622694015503,-139.01390075683594
987,4.0,142.0,19.65554642677307,-142.28924560546875
988,4.0,143.0,20.053542613983154,-139.418212890625
989,4.0,144.0,20.16915249824524,-141.30348205566406
990,4.0,145.0,20.032362937927246,-140.83926391601562
991,4.0,146.0,20.162293910980225,-142.03054809570312
992,4.0,147.0,20.076830863952637,-141.84823608398438
993,4.0,148.0,19.751384258270264,-140.27371215820312
994,4.0,149.0,19.902323246002197,-142.38601684570312
995,4.0,150.0,19.630568027496338,-142.31549072265625
996,4.0,151.0,20.19194197654724,-140.4932098388672
997,4.0,152.0,20.081593990325928,-141.5882568359375
998,4.0,153.0,19.90760350227356,-142.66946411132812
999,4.0,154.0,19.679592847824097,-141.93710327148438
1000,4.0,155.0,17.841675519943237,-140.2078094482422
1001,4.0,156.0,17.680997133255005,-141.44668579101562
1002,4.0,157.0,18.08943223953247,-142.6529998779297
1003,4.0,158.0,17.564846992492676,-141.67897033691406
1004,4.0,159.0,17.761920928955078,-140.58169555664062
1005,4.0,160.0,17.905028104782104,-141.5123291015625
1006,4.0,161.0,17.600188493728638,-141.7476348876953
1007,4.0,162.0,17.680728673934937,-140.98239135742188
1008,4.0,163.0,17.759435892105103,-140.8791961669922
1009,4.0,164.0,17.58599543571472,-141.69342041015625
1010,4.0,165.0,18.023319244384766,-141.49807739257812
1011,4.0,166.0,16.905282497406006,-141.4579620361328
1012,4.0,167.0,17.72025489807129,-141.52835083007812
1013,4.0,168.0,17.546177625656128,-141.64805603027344
1014,4.0,169.0,17.60673999786377,-140.7742919921875
1015,4.0,170.0,17.995476722717285,-141.25611877441406
1016,4.0,171.0,17.9735848903656,-140.29827880859375
1017,4.0,172.0,17.873305082321167,-141.4210662841797
1018,4.0,173.0,17.426435232162476,-142.79995727539062
1019,4.0,174.0,17.774643182754517,-141.6676483154297
1020,4.0,175.0,17.94924831390381,-143.37338256835938
1021,4.0,176.0,17.36724090576172,-142.13453674316406
1022,4.0,177.0,17.575181484222412,-141.1632537841797
1023,4.0,178.0,17.263710737228394,-142.12078857421875
1024,4.0,179.0,17.95500636100769,-141.48472595214844
1025,4.0,180.0,17.762996912002563,-139.69422912597656
1026,4.0,181.0,17.451923608779907,-141.30459594726562
1027,4.0,182.0,17.626221895217896,-142.0673828125
1028,4.0,183.0,17.82855749130249,-141.83058166503906
1029,4.0,184.0,18.131016731262207,-141.68838500976562
1030,4.0,185.0,17.289013624191284,-140.2918243408203
1031,4.0,186.0,17.875033378601074,-141.24122619628906
1032,4.0,187.0,17.191802740097046,-141.89979553222656
1033,4.0,188.0,17.393938541412354,-141.8821563720703
1034,4.0,189.0,17.67961573600769,-141.0075225830078
1035,4.0,190.0,17.09368085861206,-141.213134765625
1036,4.0,191.0,18.233526706695557,-142.15760803222656
1037,4.0,192.0,17.544061183929443,-142.68490600585938
1038,4.0,193.0,17.688369035720825,-139.59927368164062
1039,4.0,194.0,17.079464197158813,-141.2852325439453
1040,4.0,195.0,17.582233667373657,-141.8983154296875
1041,4.0,196.0,17.3820960521698,-142.4017333984375
1042,4.0,197.0,16.967082500457764,-140.94134521484375
1043,4.0,198.0,17.955996990203857,-140.512939453125
1044,4.0,199.0,17.692615509033203,-140.0230255126953
1045,4.0,200.0,17.681047677993774,-142.5194091796875
1046,4.0,201.0,18.473153114318848,-142.33653259277344
1047,4.0,202.0,17.222872495651245,-140.7595672607422
1048,4.0,203.0,17.906508684158325,-141.15444946289062
1049,4.0,204.0,17.799450635910034,-140.75216674804688
1050,4.0,205.0,17.48354959487915,-141.463623046875
1051,4.0,206.0,16.832942008972168,-141.389404296875
1052,4.0,207.0,17.851667404174805,-141.87368774414062
1053,4.0,208.0,17.539736032485962,-140.2431640625
1054,4.0,209.0,17.893664598464966,-141.04141235351562
1055,4.0,210.0,17.84496545791626,-140.76507568359375
1056,4.0,211.0,17.816823720932007,-141.16079711914062
1057,4.0,212.0,16.948890447616577,-140.66026306152344
1058,4.0,213.0,17.540894031524658,-141.7781219482422
1059,4.0,214.0,17.649665355682373,-141.04989624023438
1060,4.0,215.0,17.700899124145508,-141.8722381591797
1061,4.0,216.0,17.88433003425598,-141.111328125
1062,4.0,217.0,17.573328495025635,-141.99049377441406
1063,4.0,218.0,17.52351951599121,-142.49392700195312
1064,4.0,219.0,17.727951765060425,-141.64242553710938
1065,4.0,220.0,17.589714527130127,-141.60601806640625
1066,4.0,221.0,18.053403854370117,-143.15530395507812
1067,4.0,222.0,17.519298315048218,-142.48849487304688
1068,4.0,223.0,17.494531393051147,-142.8858642578125
1069,4.0,224.0,17.590200185775757,-139.60595703125
1070,4.0,225.0,17.903289079666138,-141.57395935058594
1071,4.0,226.0,17.956788539886475,-141.7953643798828
1072,4.0,227.0,17.97390341758728,-142.5894012451172
1073,4.0,228.0,17.880071878433228,-141.476318359375
1074,4.0,229.0,18.440567016601562,-140.61097717285156
1075,4.0,230.0,17.69187569618225,-142.6065673828125
1076,4.0,231.0,17.767696857452393,-141.29754638671875
1077,4.0,232.0,17.355113744735718,-141.76800537109375
1078,4.0,233.0,17.734544277191162,-143.6030731201172
1079,4.0,234.0,18.070761919021606,-141.8854522705078
1080,4.0,235.0,17.378161907196045,-141.56393432617188
1081,4.0,236.0,17.76528549194336,-141.8732452392578
1082,4.0,237.0,17.458404779434204,-141.81002807617188
1083,4.0,238.0,18.281466245651245,-143.05337524414062
1084,4.0,239.0,18.129518032073975,-143.04998779296875
1085,4.0,240.0,17.25956416130066,-143.4250946044922
1086,4.0,241.0,17.537163972854614,-142.3879852294922
1087,4.0,242.0,17.866219997406006,-140.68966674804688
1088,4.0,243.0,17.534521102905273,-142.95730590820312
1089,4.0,244.0,17.432769775390625,-143.28443908691406
1090,4.0,245.0,17.208801746368408,-142.4407958984375
1091,4.0,246.0,18.36084747314453,-141.21804809570312
1092,4.0,247.0,16.462292432785034,-142.29579162597656
1093,4.0,248.0,17.518887042999268,-141.7372589111328
1094,4.0,249.0,17.857232809066772,-142.16749572753906
1095,4.0,250.0,17.446062088012695,-142.63510131835938
1096,4.0,251.0,17.741002798080444,-141.82838439941406
1097,4.0,252.0,17.959796905517578,-142.05877685546875
1098,4.0,253.0,14.999181747436523,-142.212646484375
1099,4.0,254.0,17.969754457473755,-143.26715087890625
1100,4.0,255.0,18.156505584716797,-139.69540405273438
1101,4.0,256.0,17.34232759475708,-142.32135009765625
1102,4.0,257.0,17.835294485092163,-142.0917205810547
1103,4.0,258.0,17.969972610473633,-141.4071044921875
1104,4.0,259.0,17.471818208694458,-142.56155395507812
1105,4.0,260.0,17.843281507492065,-142.423583984375
1106,4.0,261.0,17.67005205154419,-141.6393585205078
1107,4.0,262.0,18.22716188430786,-141.4907989501953
1108,4.0,263.0,17.7961528301239,-140.34442138671875
1109,4.0,264.0,17.864635944366455,-141.26715087890625
1110,4.0,265.0,18.257002115249634,-140.03570556640625
1111,4.0,266.0,17.522620677947998,-140.9981231689453
1112,4.0,267.0,17.48099994659424,-140.5388641357422
1113,4.0,268.0,18.24754524230957,-142.73146057128906
1114,4.0,269.0,17.720750093460083,-141.3290557861328
1115,4.0,270.0,17.52925157546997,-142.24417114257812
1116,4.0,271.0,17.70307993888855,-140.40817260742188
1117,4.0,272.0,17.484524488449097,-141.599609375
1118,4.0,273.0,17.405495643615723,-141.58416748046875
1119,4.0,274.0,18.197911262512207,-143.11190795898438
1120,4.0,275.0,17.660404920578003,-141.40476989746094
1121,4.0,276.0,17.352320671081543,-141.5738983154297
1122,4.0,277.0,17.67286729812622,-141.74603271484375
1123,4.0,278.0,17.7007839679718,-140.5753631591797
1124,4.0,279.0,17.715694665908813,-141.521240234375
1125,4.0,280.0,17.73946762084961,-143.35287475585938
1126,4.0,281.0,17.366324424743652,-142.14817810058594
1127,4.0,282.0,8.660673379898071,-139.64205932617188
1128,5.0,1.0,17.66500186920166,-141.68455505371094
1129,5.0,2.0,18.02399492263794,-140.0443878173828
1130,5.0,3.0,17.67447543144226,-141.91864013671875
1131,5.0,4.0,17.131781578063965,-142.01007080078125
1132,5.0,5.0,17.872183561325073,-142.224365234375
1133,5.0,6.0,17.401055335998535,-141.51528930664062
1134,5.0,7.0,17.21125030517578,-142.73135375976562
1135,5.0,8.0,17.25959038734436,-143.39993286132812
1136,5.0,9.0,18.21996283531189,-140.49839782714844
1137,5.0,10.0,17.89182162284851,-142.9459991455078
1138,5.0,11.0,17.43438720703125,-142.81546020507812
1139,5.0,12.0,18.015044450759888,-143.15957641601562
1140,5.0,13.0,17.79257822036743,-143.88148498535156
1141,5.0,14.0,18.240981340408325,-141.86618041992188
1142,5.0,15.0,17.163083791732788,-141.37106323242188
1143,5.0,16.0,18.213537216186523,-143.85885620117188
1144,5.0,17.0,17.541059970855713,-142.9867706298828
1145,5.0,18.0,17.39646887779236,-141.6788330078125
1146,5.0,19.0,18.103066444396973,-142.65191650390625
1147,5.0,20.0,17.23604965209961,-143.33387756347656
1148,5.0,21.0,17.678879737854004,-142.92567443847656
1149,5.0,22.0,17.4613356590271,-143.2797088623047
1150,5.0,23.0,17.083027601242065,-143.26834106445312
1151,5.0,24.0,16.981908082962036,-141.7434539794922
1152,5.0,25.0,16.669638872146606,-141.16659545898438
1153,5.0,26.0,18.097443103790283,-143.23916625976562
1154,5.0,27.0,17.325705528259277,-140.84237670898438
1155,5.0,28.0,17.63048768043518,-141.5391845703125
1156,5.0,29.0,18.202149868011475,-142.1484375
1157,5.0,30.0,17.857954502105713,-142.7330322265625
1158,5.0,31.0,17.826727390289307,-142.68287658691406
1159,5.0,32.0,17.457145929336548,-142.27603149414062
1160,5.0,33.0,17.888809204101562,-142.41064453125
1161,5.0,34.0,17.684841871261597,-143.39181518554688
1162,5.0,35.0,17.873690843582153,-142.30763244628906
1163,5.0,36.0,17.641061305999756,-141.40818786621094
1164,5.0,37.0,17.299193620681763,-143.70843505859375
1165,5.0,38.0,18.161415100097656,-141.4426727294922
1166,5.0,39.0,17.44760036468506,-143.1808624267578
1167,5.0,40.0,17.75785994529724,-142.05455017089844
1168,5.0,41.0,16.49053955078125,-144.46363830566406
1169,5.0,42.0,17.01913809776306,-143.24984741210938
1170,5.0,43.0,17.774376153945923,-142.83840942382812
1171,5.0,44.0,17.84594750404358,-142.85873413085938
1172,5.0,45.0,17.618345737457275,-143.48207092285156
1173,5.0,46.0,18.06053853034973,-143.17584228515625
1174,5.0,47.0,17.370828866958618,-143.18045043945312
1175,5.0,48.0,17.65459442138672,-141.66973876953125
1176,5.0,49.0,17.40449619293213,-144.04652404785156
1177,5.0,50.0,17.89832353591919,-141.93057250976562
1178,5.0,51.0,17.722442388534546,-140.1465606689453
1179,5.0,52.0,17.479389190673828,-143.42489624023438
1180,5.0,53.0,17.540597915649414,-144.29261779785156
1181,5.0,54.0,17.694838285446167,-142.8528289794922
1182,5.0,55.0,17.46787190437317,-143.27586364746094
1183,5.0,56.0,17.880773067474365,-142.55978393554688
1184,5.0,57.0,18.122032642364502,-141.4460906982422
1185,5.0,58.0,17.140872478485107,-142.13180541992188
1186,5.0,59.0,17.7773380279541,-143.96905517578125
1187,5.0,60.0,18.15405011177063,-143.6289520263672
1188,5.0,61.0,17.651693105697632,-142.0340576171875
1189,5.0,62.0,17.9571475982666,-141.75315856933594
1190,5.0,63.0,17.69057822227478,-141.96279907226562
1191,5.0,64.0,17.635863304138184,-143.65191650390625
1192,5.0,65.0,17.017091035842896,-142.91929626464844
1193,5.0,66.0,17.631868362426758,-140.8252410888672
1194,5.0,67.0,17.463791847229004,-140.75247192382812
1195,5.0,68.0,17.83591389656067,-141.16134643554688
1196,5.0,69.0,18.280091762542725,-142.34429931640625
1197,5.0,70.0,17.978718757629395,-142.05384826660156
1198,5.0,71.0,16.97170066833496,-140.9026336669922
1199,5.0,72.0,18.03191900253296,-141.29690551757812
1200,5.0,73.0,17.606321096420288,-142.6258544921875
1201,5.0,74.0,17.142191410064697,-143.12847900390625
1202,5.0,75.0,17.592562675476074,-139.49566650390625
1203,5.0,76.0,17.411948442459106,-141.8616943359375
1204,5.0,77.0,17.741406440734863,-141.66281127929688
1205,5.0,78.0,17.710400104522705,-141.08042907714844
1206,5.0,79.0,18.139042854309082,-142.84889221191406
1207,5.0,80.0,18.06415891647339,-142.01730346679688
1208,5.0,81.0,18.12104320526123,-140.4185333251953
1209,5.0,82.0,17.982812643051147,-142.37474060058594
1210,5.0,83.0,17.996502161026,-142.63568115234375
1211,5.0,84.0,17.93608331680298,-141.62757873535156
1212,5.0,85.0,17.548595428466797,-141.9031982421875
1213,5.0,86.0,17.78447437286377,-140.42935180664062
1214,5.0,87.0,18.019349813461304,-142.57095336914062
1215,5.0,88.0,17.976527452468872,-142.14259338378906
1216,5.0,89.0,17.425108432769775,-140.76300048828125
1217,5.0,90.0,17.759135246276855,-141.12660217285156
1218,5.0,91.0,17.769855737686157,-142.84239196777344
1219,5.0,92.0,17.87651801109314,-142.33172607421875
1220,5.0,93.0,17.64326500892639,-142.53985595703125
1221,5.0,94.0,17.77496337890625,-141.42152404785156
1222,5.0,95.0,17.477524995803833,-142.5148468017578
1223,5.0,96.0,17.423903226852417,-141.50823974609375
1224,5.0,97.0,17.894968032836914,-141.86126708984375
1225,5.0,98.0,17.70314645767212,-141.6230926513672
1226,5.0,99.0,17.854127168655396,-141.10684204101562
1227,5.0,100.0,17.54158115386963,-142.404296875
1228,5.0,101.0,17.675463438034058,-141.88186645507812
1229,5.0,102.0,17.982735633850098,-143.2142333984375
1230,5.0,103.0,21.47033166885376,-142.58309936523438
1231,5.0,104.0,19.37252140045166,-143.08311462402344
1232,5.0,105.0,17.843610048294067,-142.8665771484375
1233,5.0,106.0,17.55631995201111,-142.90911865234375
1234,5.0,107.0,17.692129373550415,-142.3304901123047
1235,5.0,108.0,17.486374378204346,-141.2877197265625
1236,5.0,109.0,18.06235957145691,-141.1585235595703
1237,5.0,110.0,17.890865325927734,-141.52403259277344
1238,5.0,111.0,17.89054822921753,-141.60894775390625
1239,5.0,112.0,17.70759677886963,-142.49114990234375
1240,5.0,113.0,17.798126935958862,-142.8053436279297
1241,5.0,114.0,17.765992879867554,-143.05104064941406
1242,5.0,115.0,17.596628665924072,-140.5213623046875
1243,5.0,116.0,17.884839057922363,-140.95236206054688
1244,5.0,117.0,17.636099338531494,-141.6363067626953
1245,5.0,118.0,17.776459217071533,-141.66758728027344
1246,5.0,119.0,17.69608783721924,-141.02783203125
1247,5.0,120.0,17.061910390853882,-140.56076049804688
1248,5.0,121.0,18.149863481521606,-141.16259765625
1249,5.0,122.0,17.797837257385254,-142.45053100585938
1250,5.0,123.0,15.558247804641724,-140.43418884277344
1251,5.0,124.0,15.370657920837402,-142.1151580810547
1252,5.0,125.0,15.590728521347046,-142.15103149414062
1253,5.0,126.0,15.21210241317749,-141.7269744873047
1254,5.0,127.0,15.72115969657898,-143.38568115234375
1255,5.0,128.0,16.0077805519104,-141.98460388183594
1256,5.0,129.0,15.293834686279297,-143.00167846679688
1257,5.0,130.0,16.04352641105652,-142.27870178222656
1258,5.0,131.0,15.909251689910889,-141.07672119140625
1259,5.0,132.0,15.5092294216156,-141.29299926757812
1260,5.0,133.0,15.479320049285889,-141.86611938476562
1261,5.0,134.0,15.071128845214844,-141.2333221435547
1262,5.0,135.0,15.625018835067749,-141.5653533935547
1263,5.0,136.0,15.614165544509888,-142.30789184570312
1264,5.0,137.0,15.494957685470581,-143.41041564941406
1265,5.0,138.0,15.28017783164978,-142.6153106689453
1266,5.0,139.0,15.451879978179932,-141.82379150390625
1267,5.0,140.0,15.579751968383789,-141.212158203125
1268,5.0,141.0,15.43717622756958,-143.03981018066406
1269,5.0,142.0,15.259483098983765,-142.86203002929688
1270,5.0,143.0,15.701143026351929,-143.12586975097656
1271,5.0,144.0,15.56322956085205,-141.6064453125
1272,5.0,145.0,15.531634092330933,-144.14878845214844
1273,5.0,146.0,15.602471351623535,-141.48638916015625
1274,5.0,147.0,15.603060722351074,-142.8265838623047
1275,5.0,148.0,15.121873617172241,-142.2528533935547
1276,5.0,149.0,15.452120304107666,-143.85464477539062
1277,5.0,150.0,15.971424579620361,-141.84654235839844
1278,5.0,151.0,15.462983131408691,-142.94732666015625
1279,5.0,152.0,15.593338966369629,-141.4649658203125
1280,5.0,153.0,15.644731521606445,-141.75918579101562
1281,5.0,154.0,15.463147163391113,-140.94866943359375
1282,5.0,155.0,15.934966802597046,-142.57005310058594
1283,5.0,156.0,15.35714316368103,-141.0535430908203
1284,5.0,157.0,15.705930471420288,-140.71041870117188
1285,5.0,158.0,15.651748895645142,-141.89453125
1286,5.0,159.0,15.825862884521484,-140.71792602539062
1287,5.0,160.0,15.615144729614258,-141.9421844482422
1288,5.0,161.0,15.54059362411499,-141.30645751953125
1289,5.0,162.0,16.121910572052002,-139.71363830566406
1290,5.0,163.0,15.45227575302124,-142.77154541015625
1291,5.0,164.0,15.41168761253357,-141.01904296875
1292,5.0,165.0,15.428688049316406,-140.99781799316406
1293,5.0,166.0,15.646495819091797,-143.7549285888672
1294,5.0,167.0,15.446418523788452,-142.32577514648438
1295,5.0,168.0,15.686377048492432,-142.0174560546875
1296,5.0,169.0,15.717929124832153,-143.24468994140625
1297,5.0,170.0,15.234673976898193,-143.19520568847656
1298,5.0,171.0,15.312977075576782,-143.4345703125
1299,5.0,172.0,15.663028478622437,-140.78302001953125
1300,5.0,173.0,15.627228498458862,-143.8897705078125
1301,5.0,174.0,15.57022738456726,-143.3662109375
1302,5.0,175.0,15.427180528640747,-141.8826446533203
1303,5.0,176.0,15.474302291870117,-143.00521850585938
1304,5.0,177.0,15.389288902282715,-143.34454345703125
1305,5.0,178.0,15.896331310272217,-143.4027557373047
1306,5.0,179.0,15.594685554504395,-142.37347412109375
1307,5.0,180.0,15.783150911331177,-143.5638885498047
1308,5.0,181.0,15.445394277572632,-142.69973754882812
1309,5.0,182.0,15.513928413391113,-142.73634338378906
1310,5.0,183.0,15.64574146270752,-143.1846160888672
1311,5.0,184.0,15.287147283554077,-142.98687744140625
1312,5.0,185.0,15.508375883102417,-142.45880126953125
1313,5.0,186.0,15.661915063858032,-143.62149047851562
1314,5.0,187.0,15.71130895614624,-142.7473602294922
1315,5.0,188.0,15.634117841720581,-141.82957458496094
1316,5.0,189.0,15.376836061477661,-142.29393005371094
1317,5.0,190.0,15.47806167602539,-144.66917419433594
1318,5.0,191.0,15.378584623336792,-143.00779724121094
1319,5.0,192.0,15.761762142181396,-142.26675415039062
1320,5.0,193.0,15.519517660140991,-141.03536987304688
1321,5.0,194.0,15.598267316818237,-143.43800354003906
1322,5.0,195.0,15.862070560455322,-143.02188110351562
1323,5.0,196.0,15.236548662185669,-141.91693115234375
1324,5.0,197.0,15.488201141357422,-143.5525665283203
1325,5.0,198.0,15.514684438705444,-141.77371215820312
1326,5.0,199.0,15.757270336151123,-142.55223083496094
1327,5.0,200.0,15.616917371749878,-144.69740295410156
1328,5.0,201.0,15.554696559906006,-142.23141479492188
1329,5.0,202.0,15.56777834892273,-143.0912628173828
1330,5.0,203.0,15.52865719795227,-142.77230834960938
1331,5.0,204.0,15.110795974731445,-143.80355834960938
1332,5.0,205.0,15.742039203643799,-141.62355041503906
1333,5.0,206.0,15.235146045684814,-143.8143768310547
1334,5.0,207.0,15.606151342391968,-141.87164306640625
1335,5.0,208.0,15.47877025604248,-141.93553161621094
1336,5.0,209.0,15.296669960021973,-142.3271026611328
1337,5.0,210.0,15.595351219177246,-142.7272491455078
1338,5.0,211.0,15.334756135940552,-142.3150177001953
1339,5.0,212.0,15.677966833114624,-142.52145385742188
1340,5.0,213.0,15.380676984786987,-143.08486938476562
1341,5.0,214.0,15.725419998168945,-141.60198974609375
1342,5.0,215.0,15.29465365409851,-142.55340576171875
1343,5.0,216.0,15.450310468673706,-142.01181030273438
1344,5.0,217.0,15.652024030685425,-143.3486328125
1345,5.0,218.0,15.22078561782837,-141.23443603515625
1346,5.0,219.0,15.316106796264648,-141.84649658203125
1347,5.0,220.0,15.50353455543518,-142.40911865234375
1348,5.0,221.0,15.832136631011963,-141.5020294189453
1349,5.0,222.0,15.866968393325806,-142.68527221679688
1350,5.0,223.0,15.390576601028442,-143.35548400878906
1351,5.0,224.0,15.602644443511963,-143.8409881591797
1352,5.0,225.0,15.61827826499939,-142.76051330566406
1353,5.0,226.0,15.728279113769531,-141.8211669921875
1354,5.0,227.0,15.784687280654907,-143.32382202148438
1355,5.0,228.0,15.719343900680542,-143.06614685058594
1356,5.0,229.0,15.524169921875,-141.9007568359375
1357,5.0,230.0,15.405994892120361,-143.59339904785156
1358,5.0,231.0,15.206206798553467,-143.99462890625
1359,5.0,232.0,15.79294466972351,-143.45831298828125
1360,5.0,233.0,15.579635381698608,-143.70303344726562
1361,5.0,234.0,15.518392324447632,-141.43516540527344
1362,5.0,235.0,15.643526077270508,-142.07611083984375
1363,5.0,236.0,15.568150758743286,-142.9895782470703
1364,5.0,237.0,15.617430448532104,-142.85267639160156
1365,5.0,238.0,15.828344821929932,-143.26051330566406
1366,5.0,239.0,15.312777519226074,-143.4471435546875
1367,5.0,240.0,15.292164325714111,-142.32818603515625
1368,5.0,241.0,15.737313747406006,-141.49081420898438
1369,5.0,242.0,15.554996967315674,-144.41561889648438
1370,5.0,243.0,15.66166067123413,-143.6531982421875
1371,5.0,244.0,15.503223657608032,-143.05490112304688
1372,5.0,245.0,15.362128973007202,-142.157958984375
1373,5.0,246.0,15.61123251914978,-143.16946411132812
1374,5.0,247.0,15.572611093521118,-141.89141845703125
1375,5.0,248.0,15.959740400314331,-141.54537963867188
1376,5.0,249.0,15.113762855529785,-142.2718963623047
1377,5.0,250.0,15.704080820083618,-143.36509704589844
1378,5.0,251.0,15.72549057006836,-143.7087860107422
1379,5.0,252.0,15.46286916732788,-143.55819702148438
1380,5.0,253.0,15.686930418014526,-142.4234161376953
1381,5.0,254.0,15.090773582458496,-141.1605987548828
1382,5.0,255.0,15.770387411117554,-143.84024047851562
1383,5.0,256.0,15.148529529571533,-143.4618682861328
1384,5.0,257.0,15.619207620620728,-142.31491088867188
1385,5.0,258.0,15.793668031692505,-141.98678588867188
1386,5.0,259.0,15.130022048950195,-142.22900390625
1387,5.0,260.0,15.569598913192749,-142.85055541992188
1388,5.0,261.0,15.25559949874878,-141.73439025878906
1389,5.0,262.0,15.506611347198486,-143.59263610839844
1390,5.0,263.0,15.631322145462036,-143.155029296875
1391,5.0,264.0,15.621160507202148,-141.31417846679688
1392,5.0,265.0,15.462294101715088,-141.83563232421875
1393,5.0,266.0,15.322094440460205,-142.57205200195312
1394,5.0,267.0,15.623442888259888,-144.1360321044922
1395,5.0,268.0,15.432166814804077,-142.53460693359375
1396,5.0,269.0,15.401007175445557,-141.53857421875
1397,5.0,270.0,15.72283935546875,-142.5891571044922
1398,5.0,271.0,15.143310308456421,-143.86752319335938
1399,5.0,272.0,15.602252721786499,-143.9914093017578
1400,5.0,273.0,15.123444557189941,-141.43995666503906
1401,5.0,274.0,15.615895986557007,-142.61666870117188
1402,5.0,275.0,15.448438882827759,-143.45809936523438
1403,5.0,276.0,15.703547239303589,-141.39019775390625
1404,5.0,277.0,15.519981145858765,-142.48141479492188
1405,5.0,278.0,15.397097110748291,-142.9912567138672
1406,5.0,279.0,15.409041166305542,-144.02886962890625
1407,5.0,280.0,15.810588359832764,-141.7921142578125
1408,5.0,281.0,15.723922491073608,-142.09593200683594
1409,5.0,282.0,7.424134016036987,-143.486328125
